engine,label,full_name,f1_median,f1_mean,precision_mean,recall_mean,matched_median,matched_total,processed_total,field_accuracy,fp_mean,pass_rate
E00,Azure DI custom template,E00 — Azure DI custom template,0.9387755102040816,0.9034677628276062,0.9171316471630803,0.8991821170441032,66,2488,2852,0.8723702664796634,5.6,0.85
E02,Mistral on Foundry,E02 — Mistral on Azure Foundry,0.9591817845242503,0.918018968442671,0.940967160966574,0.9015799090713476,69,2555,2852,0.8958625525946704,4.05,0.875
E03,Azure CU + gpt-5.2,E03 — Azure Content Understanding + gpt-5.2,0.9692945671419253,0.947406693020198,0.9578294786567352,0.9386139036823969,70,2668,2852,0.9354838709677419,3,1
E04,gpt-5.4 VLM-direct,E04 — gpt-5.4 vision-language model (direct),0.9034069280548154,0.8704131762862115,0.8759392424519339,0.865828717284197,66,2475,2852,0.8678120617110799,8.475,0.8
E05,gpt-5.4 VLM + Azure DI layout,E05 — gpt-5.4 VLM + Azure DI prebuilt-layout (hybrid),0.9604989604989604,0.9418911976917433,0.9505123922700666,0.9351474169111157,71,2664,2852,0.9340813464235624,3.375,0.975
E07,gpt-4o VLM + Azure DI layout,E07 — gpt-4o VLM + Azure DI prebuilt-layout (hybrid),0.9523324694557571,0.9226516366424121,0.9418569544091817,0.9084915410759768,68,2563,2852,0.8986676016830295,4,0.9
E08,gpt-5.2 VLM + Azure DI layout,E08 — gpt-5.2 VLM + Azure DI prebuilt-layout (hybrid),0.972972972972973,0.9594793162797078,0.9651410912310101,0.954792479518507,71,2714,2852,0.9516129032258065,2.5,0.975
