engine,label,full_name,f1_median,f1_mean,precision_mean,recall_mean,matched_median,matched_total,processed_total,field_accuracy,fp_mean,pass_rate
E00,Azure DI custom template,E00 — Azure DI custom template,0.965034965034965,0.925748174758294,0.9956466348837653,0.8766952529452533,66,2488,2852,0.8723702664796634,0.275,0.925
E02,Mistral on Foundry,E02 — Mistral on Azure Foundry,0.9722222222222222,0.942004510353273,1,0.898912681912682,69,2555,2852,0.8958625525946704,0,0.925
E03,Azure CU + gpt-5.2,E03 — Azure Content Understanding + gpt-5.2,0.9798512508451656,0.9663915773882167,1,0.9371063756063759,70,2668,2852,0.9354838709677419,0,1
E04,gpt-5.4 VLM-direct,E04 — gpt-5.4 vision-language model (direct),0.9428032042451145,0.9246365758766849,1,0.8637565835065837,66,2475,2852,0.8678120617110799,0,1
E05,gpt-5.4 VLM + Azure DI layout,E05 — gpt-5.4 VLM + Azure DI prebuilt-layout (hybrid),0.9793103448275862,0.9638703230914869,0.9995192307692309,0.9332891545391547,71,2664,2852,0.9340813464235624,0.025,1
E06,ensemble (per-field weighted),E06 — Ensemble combiner (per-field weighted majority),0.9863013698630138,0.974440810526062,1.0,0.9520826403326403,71.0,2712,2852,0.9509116409537167,0,1.0
